epoch,time,train/box_loss,train/seg_loss,train/cls_loss,train/dfl_loss,train/sem_loss,metrics/precision(B),metrics/recall(B),metrics/mAP50(B),metrics/mAP50-95(B),metrics/precision(M),metrics/recall(M),metrics/mAP50(M),metrics/mAP50-95(M),val/box_loss,val/seg_loss,val/cls_loss,val/dfl_loss,val/sem_loss,lr/pg0,lr/pg1,lr/pg2
1,12.9301,1.83897,3.29957,2.97217,1.63217,0,0.00615,0.58042,0.06064,0.02222,0.0037,0.34965,0.02959,0.00538,2.03863,1.95371,3.29443,1.86435,0,0.000611111,0.000611111,0.000611111
2,20.1481,1.59873,1.57233,2.22287,1.43535,0,0.13381,0.13287,0.05091,0.01751,0.08534,0.0979,0.02267,0.00412,2.41207,1.9029,3.48133,2.47322,0,0.00126934,0.00126934,0.00126934
3,29.6086,1.72753,1.51448,2.20244,1.50572,0,0.15858,0.07692,0.03443,0.01045,0.01579,0.01399,0.0009,0.00016,2.39097,4.11991,4.26867,3.28473,0,0.00191878,0.00191878,0.00191878
4,37.3396,1.65019,1.52225,2.09139,1.45411,0,0.11624,0.11888,0.02806,0.00945,0.00067,0.06294,8e-05,1e-05,2.3905,12.6793,6.49266,3.53668,0,0.0019604,0.0019604,0.0019604
5,45.3703,1.61447,1.37804,1.99294,1.47657,0,0.1352,0.14685,0.04195,0.01337,0.05506,0.04895,0.01037,0.00197,2.40032,3.46639,8.05127,3.13541,0,0.0019472,0.0019472,0.0019472
6,53.181,1.67419,1.49168,1.96192,1.44328,0,0.07648,0.13986,0.0233,0.00689,0.03484,0.12587,0.00856,0.0016,2.54345,1.80784,8.5509,2.88434,0,0.001934,0.001934,0.001934
7,61.0117,1.51554,1.47351,1.80796,1.35597,0,0.08934,0.16084,0.04307,0.01194,0.05396,0.04895,0.01062,0.00141,2.59999,2.44863,7.10951,2.77863,0,0.0019208,0.0019208,0.0019208
8,68.4847,1.54625,1.279,1.85586,1.40516,0,0.14954,0.20979,0.07943,0.02665,0.16557,0.2028,0.05561,0.01222,2.23747,1.46221,3.2011,2.21142,0,0.0019076,0.0019076,0.0019076
9,76.5468,1.57747,1.34039,1.81137,1.4052,0,0.16716,0.21678,0.08717,0.02304,0.13048,0.23077,0.06703,0.0131,2.42338,1.36475,3.18683,2.31349,0,0.0018944,0.0018944,0.0018944
10,84.0395,1.53477,1.37456,1.7367,1.35364,0,0.16723,0.24013,0.1122,0.04162,0.16596,0.20979,0.09378,0.01882,2.25157,1.43265,3.43832,2.12284,0,0.0018812,0.0018812,0.0018812
11,92.7429,1.52256,1.36747,1.66912,1.41884,0,0.15063,0.2964,0.11799,0.05059,0.13045,0.16783,0.06587,0.01642,2.06145,1.48962,2.84979,1.83926,0,0.001868,0.001868,0.001868
12,100.187,1.51094,1.34572,1.68945,1.35653,0,0.23097,0.35286,0.17457,0.06386,0.17945,0.24476,0.10072,0.02269,2.14568,1.34297,2.76405,1.89303,0,0.0018548,0.0018548,0.0018548
13,107.944,1.44968,1.25107,1.61947,1.3237,0,0.22351,0.21678,0.1313,0.0515,0.17203,0.16783,0.08687,0.0208,2.14476,1.34263,2.8077,1.90795,0,0.0018416,0.0018416,0.0018416
14,115.296,1.39576,1.27419,1.64934,1.2987,0,0.24798,0.1958,0.14821,0.05895,0.15874,0.25175,0.11182,0.02846,2.15922,1.29644,2.79892,1.97374,0,0.0018284,0.0018284,0.0018284
15,124.59,1.35349,1.25156,1.48614,1.30181,0,0.31446,0.31469,0.21102,0.08403,0.27131,0.25175,0.14037,0.03691,1.98543,1.21394,2.2386,1.71731,0,0.0018152,0.0018152,0.0018152
16,134.923,1.39156,1.25872,1.55824,1.29081,0,0.2892,0.27972,0.20932,0.10362,0.21508,0.25175,0.13097,0.04018,1.82554,1.2045,2.2769,1.63805,0,0.001802,0.001802,0.001802
17,141.759,1.3338,1.31708,1.50221,1.28248,0,0.28004,0.31469,0.20079,0.10212,0.20303,0.22378,0.13797,0.03991,1.89543,1.26511,2.55179,1.70743,0,0.0017888,0.0017888,0.0017888
18,152.028,1.30756,1.26578,1.45836,1.26303,0,0.34457,0.29371,0.23608,0.099,0.23623,0.23776,0.14877,0.04037,1.95014,1.2581,2.42707,1.74369,0,0.0017756,0.0017756,0.0017756
19,159.126,1.32821,1.44353,1.44054,1.26757,0,0.32904,0.31469,0.20124,0.0791,0.26739,0.25874,0.15163,0.03739,1.91831,1.25534,2.36264,1.67082,0,0.0017624,0.0017624,0.0017624
20,168.092,1.30988,1.25732,1.41108,1.23025,0,0.24933,0.27972,0.19444,0.07521,0.25131,0.23077,0.14895,0.03743,1.96561,1.26571,2.44632,1.68818,0,0.0017492,0.0017492,0.0017492
21,176.653,1.31939,1.30818,1.42568,1.24103,0,0.28275,0.32867,0.22278,0.09316,0.3468,0.25874,0.18602,0.04762,1.7993,1.22666,2.22181,1.56156,0,0.001736,0.001736,0.001736
22,186.421,1.26484,1.26798,1.43204,1.23857,0,0.32385,0.32867,0.22334,0.10936,0.28872,0.27273,0.149,0.04061,1.77161,1.21149,2.27648,1.60281,0,0.0017228,0.0017228,0.0017228
23,193.798,1.22749,1.23761,1.42962,1.23446,0,0.28511,0.34266,0.25047,0.11474,0.24663,0.24476,0.14861,0.03988,1.81029,1.27301,2.30344,1.63956,0,0.0017096,0.0017096,0.0017096
24,204.625,1.29459,1.33025,1.35076,1.24793,0,0.40656,0.25874,0.21264,0.10586,0.27898,0.23776,0.14513,0.03793,1.89678,1.16187,2.3447,1.67322,0,0.0016964,0.0016964,0.0016964
25,214.104,1.28695,1.31201,1.32765,1.23488,0,0.36003,0.25874,0.18148,0.08935,0.30621,0.28671,0.15757,0.03645,1.79187,1.18456,2.29096,1.60348,0,0.0016832,0.0016832,0.0016832
26,220.581,1.20696,1.18014,1.32294,1.18752,0,0.27456,0.33566,0.22985,0.10116,0.25568,0.28671,0.16708,0.0417,1.70848,1.16506,2.11337,1.49056,0,0.00167,0.00167,0.00167
27,230.856,1.22664,1.28097,1.28079,1.19885,0,0.3285,0.33566,0.23205,0.10971,0.31501,0.23776,0.1772,0.04821,1.77939,1.20925,2.16295,1.54513,0,0.0016568,0.0016568,0.0016568
28,237.665,1.1779,1.19968,1.24052,1.18944,0,0.62618,0.30458,0.36096,0.1952,0.55617,0.27166,0.2653,0.07602,1.65785,1.24918,1.89409,1.5025,0,0.0016436,0.0016436,0.0016436
29,248.189,1.22656,1.2169,1.27857,1.22889,0,0.28778,0.36168,0.21886,0.10084,0.2364,0.24476,0.14419,0.03794,1.73473,1.3053,2.17188,1.57874,0,0.0016304,0.0016304,0.0016304
30,256.398,1.24239,1.26625,1.25402,1.18763,0,0.37078,0.30769,0.24481,0.1217,0.32906,0.27972,0.17256,0.04963,1.82069,1.20595,2.33647,1.59442,0,0.0016172,0.0016172,0.0016172
31,264.244,1.22763,1.27653,1.20517,1.18752,0,0.3583,0.35664,0.2549,0.13073,0.25202,0.29371,0.14494,0.04217,1.74275,1.18921,2.0748,1.54493,0,0.001604,0.001604,0.001604
32,271.216,1.20264,1.19878,1.17792,1.1865,0,0.38594,0.30769,0.28373,0.13867,0.325,0.26573,0.18866,0.05329,1.69107,1.23118,2.07862,1.51464,0,0.0015908,0.0015908,0.0015908
33,281.466,1.21504,1.33365,1.21913,1.17408,0,0.40207,0.3007,0.29678,0.15674,0.33661,0.25175,0.21281,0.06054,1.79241,1.15209,2.07253,1.6325,0,0.0015776,0.0015776,0.0015776
34,291.766,1.15436,1.22974,1.15435,1.14696,0,0.45568,0.28671,0.25192,0.12771,0.3711,0.25175,0.208,0.06883,1.82043,1.24256,2.1264,1.57124,0,0.0015644,0.0015644,0.0015644
35,298.328,1.1701,1.27473,1.16598,1.16395,0,0.44677,0.32755,0.32848,0.16788,0.49047,0.3007,0.24779,0.06823,1.64591,1.19232,1.93313,1.50883,0,0.0015512,0.0015512,0.0015512
36,306.883,1.15342,1.22124,1.12873,1.15596,0,0.43766,0.35664,0.31717,0.1562,0.42456,0.27346,0.20486,0.05579,1.67728,1.20405,1.9299,1.46533,0,0.001538,0.001538,0.001538
37,316.131,1.12521,1.19811,1.09678,1.14663,0,0.56214,0.32168,0.36093,0.18705,0.43466,0.25175,0.22542,0.07108,1.62773,1.17919,1.95607,1.48526,0,0.0015248,0.0015248,0.0015248
38,325.264,1.16158,1.27467,1.14567,1.1551,0,0.61102,0.29371,0.35708,0.20832,0.46442,0.23077,0.24092,0.06331,1.62949,1.26166,1.96582,1.47312,0,0.0015116,0.0015116,0.0015116
39,332.195,1.1353,1.2485,1.12418,1.12042,0,0.4375,0.36986,0.32205,0.17007,0.35325,0.29371,0.2264,0.06653,1.64866,1.23695,1.94391,1.44047,0,0.0014984,0.0014984,0.0014984
40,342.361,1.07126,1.12493,1.06101,1.11924,0,0.4834,0.40571,0.36768,0.1862,0.35544,0.30769,0.20688,0.06665,1.67477,1.21709,1.9034,1.46378,0,0.0014852,0.0014852,0.0014852
41,349.112,1.09065,1.12103,1.07727,1.12709,0,0.3948,0.46987,0.38111,0.20083,0.46103,0.30769,0.27177,0.07593,1.64726,1.14886,1.79399,1.4473,0,0.001472,0.001472,0.001472
42,358.196,1.09837,1.19399,1.06338,1.12783,0,0.46056,0.31644,0.3057,0.15494,0.30373,0.32168,0.20214,0.06252,1.7088,1.14519,2.11889,1.51173,0,0.0014588,0.0014588,0.0014588
43,367.085,1.07413,1.22519,1.04108,1.12385,0,0.41802,0.35664,0.30273,0.16629,0.2867,0.30769,0.21861,0.07094,1.64605,1.22193,1.93425,1.45669,0,0.0014456,0.0014456,0.0014456
44,374.832,1.08472,1.16882,1.0813,1.13983,0,0.46027,0.37063,0.36773,0.21787,0.40816,0.32867,0.27463,0.08027,1.66398,1.14531,1.84669,1.47258,0,0.0014324,0.0014324,0.0014324
45,386.368,1.06323,1.15237,1.03742,1.13712,0,0.45866,0.38462,0.31575,0.17347,0.44049,0.26573,0.222,0.0751,1.64247,1.20115,1.95434,1.43598,0,0.0014192,0.0014192,0.0014192
46,392.711,1.13012,1.20743,1.08939,1.13496,0,0.38112,0.42657,0.3383,0.17984,0.30341,0.27972,0.22335,0.06543,1.69251,1.16819,1.9682,1.55928,0,0.001406,0.001406,0.001406
47,402.362,1.01897,1.15991,0.97134,1.09669,0,0.54545,0.36085,0.34906,0.19504,0.41904,0.29371,0.20107,0.06042,1.65622,1.21873,1.9579,1.42324,0,0.0013928,0.0013928,0.0013928
48,409.586,1.0973,1.15311,1.01828,1.10969,0,0.5162,0.32867,0.31158,0.16777,0.46106,0.27273,0.22106,0.05796,1.69351,1.17937,2.03126,1.47455,0,0.0013796,0.0013796,0.0013796
49,417.902,1.1433,1.22397,1.07908,1.14573,0,0.45723,0.33566,0.33065,0.18854,0.4779,0.28671,0.24495,0.07141,1.62071,1.12599,1.87369,1.46239,0,0.0013664,0.0013664,0.0013664
50,426.521,1.10509,1.28938,1.05632,1.14138,0,0.44415,0.37063,0.38146,0.22092,0.5806,0.27273,0.26845,0.08215,1.50564,1.1381,1.79145,1.37751,0,0.0013532,0.0013532,0.0013532
51,435.17,1.09855,1.27469,1.03996,1.10523,0,0.47849,0.41064,0.36354,0.18011,0.44598,0.34266,0.27898,0.08362,1.66605,1.13971,1.82662,1.47486,0,0.00134,0.00134,0.00134
52,442.317,1.0357,1.13744,0.99305,1.11472,0,0.48144,0.35664,0.34445,0.18212,0.42185,0.27972,0.2229,0.05775,1.58414,1.21849,1.81074,1.41021,0,0.0013268,0.0013268,0.0013268
53,452.096,1.09344,1.18144,1.03892,1.10927,0,0.46798,0.38462,0.3428,0.21163,0.38326,0.31469,0.22174,0.07604,1.51462,1.13858,1.89318,1.3571,0,0.0013136,0.0013136,0.0013136
54,458.941,1.0224,1.19831,0.94084,1.07585,0,0.50048,0.37762,0.34893,0.19856,0.42634,0.32168,0.24409,0.07313,1.54946,1.17356,1.9214,1.39447,0,0.0013004,0.0013004,0.0013004
55,467.622,0.95454,1.0705,0.87548,1.06869,0,0.53543,0.38462,0.40267,0.23185,0.41264,0.30769,0.25683,0.07712,1.54853,1.18524,1.79016,1.38019,0,0.0012872,0.0012872,0.0012872
56,474.508,1.00038,1.12652,0.9143,1.05961,0,0.70611,0.38462,0.44883,0.23528,0.60477,0.32867,0.33302,0.09421,1.63862,1.1294,1.79222,1.47632,0,0.001274,0.001274,0.001274
57,484.752,1.00645,1.13594,0.93874,1.08319,0,0.50682,0.3986,0.41925,0.22698,0.45868,0.3007,0.2982,0.09028,1.59298,1.18879,1.82886,1.39291,0,0.0012608,0.0012608,0.0012608
58,491.854,0.9975,1.16685,0.91118,1.06072,0,0.54283,0.34965,0.40815,0.24305,0.57028,0.27842,0.28682,0.08955,1.5387,1.1498,1.76116,1.38351,0,0.0012476,0.0012476,0.0012476
59,500.014,1.01002,1.14243,0.95933,1.08989,0,0.60769,0.34965,0.40469,0.257,0.46705,0.29371,0.28059,0.08998,1.47459,1.1915,1.76782,1.32358,0,0.0012344,0.0012344,0.0012344
60,506.729,1.0055,1.16133,0.92802,1.04027,0,0.69652,0.35312,0.43295,0.25153,0.61212,0.30901,0.31304,0.10585,1.41616,1.16497,1.76575,1.27581,0,0.0012212,0.0012212,0.0012212
61,514.847,0.95184,1.1942,0.91612,1.05461,0,0.5565,0.3861,0.40675,0.24321,0.46464,0.30955,0.26177,0.07951,1.47086,1.19164,1.71347,1.36719,0,0.001208,0.001208,0.001208
62,521.353,1.00629,1.10813,0.93036,1.07847,0,0.64463,0.36364,0.39988,0.25306,0.60723,0.3007,0.29476,0.0961,1.40358,1.15961,1.78231,1.32687,0,0.0011948,0.0011948,0.0011948
63,530.66,0.92258,1.11936,0.8293,1.03809,0,0.56611,0.36364,0.4087,0.25381,0.54782,0.3007,0.29061,0.09014,1.53384,1.16151,1.77567,1.43617,0,0.0011816,0.0011816,0.0011816
64,537.324,0.92717,1.14808,0.863,1.03603,0,0.57195,0.35664,0.40745,0.25383,0.46958,0.29371,0.25712,0.0777,1.56764,1.11145,1.81589,1.42555,0,0.0011684,0.0011684,0.0011684
65,545.861,0.93368,1.17423,0.83374,1.03876,0,0.5443,0.35919,0.3996,0.25071,0.53902,0.26573,0.27103,0.07869,1.55035,1.08445,1.84515,1.41884,0,0.0011552,0.0011552,0.0011552
66,552.687,0.99326,1.19429,0.89904,1.0713,0,0.57814,0.33566,0.38881,0.22188,0.50661,0.28671,0.26243,0.07949,1.61558,1.1059,1.89918,1.51465,0,0.001142,0.001142,0.001142
67,563.167,0.90203,1.07661,0.82522,1.03906,0,0.53084,0.39161,0.38741,0.22425,0.41122,0.34266,0.27305,0.08458,1.45568,1.15854,1.72321,1.39261,0,0.0011288,0.0011288,0.0011288
68,570.042,0.99292,1.0918,0.8779,1.08451,0,0.49457,0.3832,0.3603,0.20843,0.41422,0.32867,0.24358,0.07014,1.509,1.158,1.87203,1.35451,0,0.0011156,0.0011156,0.0011156
69,579.044,0.95178,1.15693,0.86513,1.05435,0,0.57304,0.41958,0.40215,0.23674,0.60319,0.33566,0.29739,0.08623,1.52543,1.19244,1.8198,1.35943,0,0.0011024,0.0011024,0.0011024
70,587.358,0.90347,1.05395,0.83619,1.04481,0,0.45758,0.45455,0.41621,0.24524,0.38718,0.38462,0.26415,0.07072,1.51313,1.10386,1.8065,1.36858,0,0.0010892,0.0010892,0.0010892
71,595.983,0.96237,1.15758,0.89746,1.04636,0,0.5518,0.43049,0.4199,0.23548,0.57524,0.31469,0.28361,0.07833,1.45494,1.13493,1.84187,1.30995,0,0.001076,0.001076,0.001076
72,603.752,0.89074,1.10042,0.77311,1.02726,0,0.63788,0.39161,0.42991,0.24787,0.58016,0.35664,0.35847,0.11721,1.4863,1.09611,1.87889,1.35024,0,0.0010628,0.0010628,0.0010628
73,611.25,0.89605,1.1695,0.7889,1.02365,0,0.69791,0.35664,0.40546,0.24565,0.6338,0.32168,0.33782,0.09731,1.50403,1.11698,1.88118,1.36758,0,0.0010496,0.0010496,0.0010496
74,618.566,0.88708,1.02674,0.81584,1.01909,0,0.58583,0.43357,0.42527,0.26184,0.52168,0.34266,0.30496,0.09044,1.42943,1.17467,1.7644,1.3314,0,0.0010364,0.0010364,0.0010364
75,628.619,0.91965,1.09393,0.84372,1.03978,0,0.66171,0.3986,0.45846,0.2745,0.54939,0.34965,0.32941,0.10907,1.44378,1.09221,1.69011,1.34523,0,0.0010232,0.0010232,0.0010232
76,636.594,0.88095,1.10187,0.80035,1.01957,0,0.74083,0.37063,0.46869,0.29087,0.69723,0.34965,0.35521,0.11228,1.37184,1.15355,1.57967,1.28935,0,0.00101,0.00101,0.00101
77,644.045,0.94358,1.10563,0.83912,1.04091,0,0.56984,0.47552,0.46353,0.29082,0.58758,0.34965,0.3246,0.09903,1.37577,1.14426,1.59803,1.26981,0,0.0009968,0.0009968,0.0009968
78,653.162,0.8958,1.11404,0.82156,1.01966,0,0.72318,0.42657,0.46611,0.28172,0.67067,0.37027,0.35657,0.10765,1.45333,1.17695,1.65694,1.34109,0,0.0009836,0.0009836,0.0009836
79,661.518,0.97584,1.15876,0.8644,1.07103,0,0.71156,0.37063,0.44528,0.27382,0.54742,0.28671,0.2725,0.0804,1.48188,1.14631,1.66742,1.37449,0,0.0009704,0.0009704,0.0009704
80,669.561,0.88734,1.147,0.77381,0.99656,0,0.72687,0.38462,0.47442,0.29925,0.57344,0.36364,0.33672,0.10192,1.38831,1.11935,1.64134,1.32765,0,0.0009572,0.0009572,0.0009572
81,676.468,0.87214,1.08984,0.73871,1.00149,0,0.63646,0.40559,0.45009,0.26243,0.55176,0.33566,0.31543,0.09464,1.41197,1.13167,1.61434,1.30031,0,0.000944,0.000944,0.000944
82,684.476,0.89591,1.13928,0.74193,1.02039,0,0.41165,0.5035,0.43882,0.26482,0.51046,0.3007,0.2735,0.07752,1.39759,1.15111,1.68898,1.29334,0,0.0009308,0.0009308,0.0009308
83,692.956,0.83938,1.0839,0.7206,1.00737,0,0.49075,0.4965,0.46994,0.3067,0.52393,0.32867,0.31798,0.1052,1.41369,1.11094,1.64479,1.32069,0,0.0009176,0.0009176,0.0009176
84,701.013,0.93154,1.03468,0.79712,1.03323,0,0.44058,0.45163,0.41074,0.24621,0.43758,0.29371,0.25245,0.06803,1.47303,1.2128,1.74603,1.30333,0,0.0009044,0.0009044,0.0009044
85,708.933,0.92608,1.11468,0.78605,1.03507,0,0.52902,0.4965,0.48472,0.30514,0.44038,0.37762,0.30027,0.09376,1.34736,1.14734,1.57634,1.28162,0,0.0008912,0.0008912,0.0008912
86,718.834,0.85257,1.076,0.76584,1.02241,0,0.55484,0.44755,0.4705,0.29081,0.60986,0.31469,0.31177,0.08725,1.36954,1.17422,1.62012,1.31836,0,0.000878,0.000878,0.000878
87,725.306,0.87755,1.08787,0.76635,1.00384,0,0.62495,0.47776,0.47681,0.2986,0.66461,0.34965,0.34903,0.12443,1.38814,1.12947,1.62789,1.33341,0,0.0008648,0.0008648,0.0008648
88,733.513,0.87073,1.09196,0.72046,0.9909,0,0.64163,0.43357,0.4774,0.30873,0.65473,0.32168,0.33455,0.10645,1.38842,1.13003,1.58005,1.3393,0,0.0008516,0.0008516,0.0008516
89,740.434,0.86658,1.0997,0.72411,0.99504,0,0.67633,0.38462,0.45046,0.28295,0.61072,0.32867,0.31152,0.10859,1.39879,1.09993,1.68824,1.28697,0,0.0008384,0.0008384,0.0008384
90,750.312,0.8442,1.02604,0.72656,0.99178,0,0.71687,0.39161,0.48148,0.31522,0.631,0.34266,0.33799,0.10957,1.35151,1.096,1.58781,1.29282,0,0.0008252,0.0008252,0.0008252
91,757.49,0.81363,1.11642,0.71384,0.99765,0,0.48977,0.45455,0.38017,0.23922,0.42353,0.39048,0.29498,0.0908,1.44252,1.12363,1.82574,1.35145,0,0.000812,0.000812,0.000812
92,765.838,0.79826,1.02069,0.66522,0.9925,0,0.50936,0.47191,0.45236,0.29046,0.6008,0.30769,0.28723,0.0841,1.40857,1.12434,1.56749,1.3135,0,0.0007988,0.0007988,0.0007988
93,772.659,0.83467,1.1106,0.71139,1.00276,0,0.65158,0.44056,0.48623,0.31206,0.66418,0.33566,0.34561,0.10764,1.36811,1.12222,1.6282,1.27767,0,0.0007856,0.0007856,0.0007856
94,781.95,0.82363,1.05677,0.7749,1.00977,0,0.55248,0.45455,0.44155,0.2856,0.63365,0.31469,0.31837,0.09878,1.42155,1.10592,1.72612,1.33326,0,0.0007724,0.0007724,0.0007724
95,788.994,0.78714,1.08732,0.70619,0.98093,0,0.68473,0.44056,0.47804,0.31381,0.60657,0.34266,0.3408,0.12111,1.37102,1.1372,1.63689,1.31969,0,0.0007592,0.0007592,0.0007592
96,797.711,0.793,1.05101,0.68929,0.97224,0,0.64389,0.43357,0.47524,0.32289,0.57819,0.37386,0.34682,0.11318,1.36741,1.16324,1.53999,1.28603,0,0.000746,0.000746,0.000746
97,804.182,0.76745,1.09178,0.65896,0.95553,0,0.68451,0.44755,0.45566,0.30138,0.61716,0.38462,0.35005,0.11111,1.35131,1.16024,1.57949,1.26636,0,0.0007328,0.0007328,0.0007328
98,814.45,0.79391,1.05016,0.65006,0.97777,0,0.66186,0.44755,0.46589,0.30339,0.64403,0.36364,0.35159,0.10531,1.37315,1.16565,1.56071,1.26537,0,0.0007196,0.0007196,0.0007196
99,821.266,0.82571,1.11645,0.7541,1.00003,0,0.65877,0.44056,0.47654,0.31753,0.6153,0.40559,0.37483,0.11911,1.35955,1.1306,1.58891,1.26009,0,0.0007064,0.0007064,0.0007064
100,829.681,0.81837,1.12621,0.67302,0.98382,0,0.79177,0.39161,0.47939,0.31988,0.71283,0.34965,0.3659,0.11815,1.41808,1.13837,1.49559,1.30301,0,0.0006932,0.0006932,0.0006932
101,836.509,0.79877,0.99281,0.6591,0.98557,0,0.72537,0.3986,0.48409,0.32869,0.6698,0.36364,0.37998,0.12247,1.38328,1.11501,1.52109,1.27739,0,0.00068,0.00068,0.00068
102,844.81,0.7887,1.0926,0.68284,0.97379,0,0.68914,0.41958,0.47062,0.32357,0.70581,0.34965,0.36414,0.12165,1.34279,1.11778,1.58902,1.27113,0,0.0006668,0.0006668,0.0006668
103,854.285,0.77697,1.0682,0.64243,0.98149,0,0.6074,0.43357,0.45493,0.32721,0.55224,0.37063,0.33482,0.1007,1.28138,1.11566,1.58156,1.23549,0,0.0006536,0.0006536,0.0006536
104,863.317,0.79112,1.02276,0.67736,0.96337,0,0.73351,0.40422,0.45872,0.31859,0.69086,0.37063,0.35772,0.11773,1.27919,1.13213,1.5871,1.21649,0,0.0006404,0.0006404,0.0006404
105,869.953,0.78493,1.09334,0.63968,0.9599,0,0.7205,0.40559,0.45043,0.30786,0.63293,0.35664,0.33705,0.11343,1.33979,1.11869,1.57609,1.24754,0,0.0006272,0.0006272,0.0006272
106,878.486,0.75567,1.06012,0.63081,0.96049,0,0.57593,0.51049,0.49115,0.33395,0.52505,0.44755,0.38667,0.13492,1.28679,1.13214,1.47962,1.22241,0,0.000614,0.000614,0.000614
107,886.233,0.75879,1.04515,0.62579,0.9489,0,0.76429,0.41259,0.48714,0.35063,0.70476,0.37063,0.37767,0.13635,1.24661,1.14603,1.51154,1.2375,0,0.0006008,0.0006008,0.0006008
108,896.564,0.79618,1.18325,0.63506,0.99466,0,0.70821,0.40559,0.45714,0.3164,0.65837,0.37762,0.36642,0.13584,1.27336,1.15694,1.53196,1.23916,0,0.0005876,0.0005876,0.0005876
109,903.074,0.79741,1.0372,0.64738,0.99213,0,0.74876,0.37762,0.46538,0.32212,0.62326,0.3355,0.31371,0.10995,1.30196,1.16564,1.55427,1.2332,0,0.0005744,0.0005744,0.0005744
110,912.673,0.76774,1.04402,0.625,0.96235,0,0.75616,0.37762,0.47294,0.32398,0.68402,0.32867,0.35301,0.11611,1.31202,1.1162,1.57497,1.2691,0,0.0005612,0.0005612,0.0005612
111,920.162,0.76098,1.03924,0.6593,0.96578,0,0.64069,0.46138,0.48658,0.33983,0.55126,0.39519,0.35532,0.12572,1.27754,1.1211,1.57814,1.26626,0,0.000548,0.000548,0.000548
112,928.522,0.79973,1.04296,0.6797,0.97569,0,0.59545,0.45455,0.4599,0.32814,0.52146,0.3986,0.33005,0.1094,1.26685,1.11041,1.56684,1.27454,0,0.0005348,0.0005348,0.0005348
113,935.421,0.74087,1.07036,0.6207,0.96898,0,0.53433,0.47552,0.46141,0.3195,0.59588,0.35664,0.34527,0.11689,1.2744,1.09873,1.60799,1.25727,0,0.0005216,0.0005216,0.0005216
114,943.873,0.74328,1.06656,0.62102,0.96454,0,0.77409,0.37762,0.45816,0.32613,0.65724,0.32168,0.32434,0.10808,1.23037,1.08901,1.56831,1.22742,0,0.0005084,0.0005084,0.0005084
115,950.934,0.73094,1.04606,0.59424,0.94901,0,0.61234,0.45455,0.4728,0.33665,0.53364,0.3986,0.35025,0.11424,1.25644,1.15618,1.5708,1.22825,0,0.0004952,0.0004952,0.0004952
116,959.439,0.75192,0.99833,0.61595,0.97173,0,0.74151,0.40123,0.4774,0.33695,0.57273,0.38433,0.34222,0.11305,1.25582,1.13488,1.59005,1.24871,0,0.000482,0.000482,0.000482
117,966.676,0.76474,1.08636,0.64992,0.95843,0,0.66149,0.41958,0.46597,0.32694,0.60713,0.34965,0.33112,0.11262,1.26631,1.12825,1.57298,1.24112,0,0.0004688,0.0004688,0.0004688
118,974.891,0.76065,1.07992,0.64487,0.97437,0,0.72862,0.41259,0.48552,0.33164,0.64803,0.36364,0.35722,0.13188,1.23629,1.14724,1.55337,1.22166,0,0.0004556,0.0004556,0.0004556
119,981.621,0.72326,1.01678,0.60166,0.9579,0,0.75923,0.41899,0.47306,0.32581,0.67045,0.34266,0.33746,0.12513,1.24265,1.15533,1.55849,1.23029,0,0.0004424,0.0004424,0.0004424
120,989.584,0.76622,1.03496,0.61709,0.95944,0,0.7031,0.41958,0.47207,0.32609,0.59123,0.39161,0.36678,0.13004,1.22077,1.1443,1.58277,1.23014,0,0.0004292,0.0004292,0.0004292
121,996.363,0.72707,1.04631,0.60592,0.96329,0,0.63993,0.45986,0.47049,0.32656,0.55151,0.39558,0.35948,0.12434,1.24001,1.16413,1.60529,1.23241,0,0.000416,0.000416,0.000416
122,1005.08,0.71092,1.02549,0.60501,0.94803,0,0.67633,0.42657,0.47415,0.33529,0.59789,0.37063,0.34386,0.12596,1.24832,1.1626,1.59743,1.23909,0,0.0004028,0.0004028,0.0004028
123,1011.78,0.71294,1.01356,0.56962,0.93759,0,0.65521,0.43357,0.48208,0.33764,0.68164,0.33566,0.33864,0.11933,1.23184,1.15894,1.58275,1.25556,0,0.0003896,0.0003896,0.0003896
124,1021.42,0.68135,1.01366,0.57,0.9308,0,0.57325,0.46154,0.46925,0.33101,0.65524,0.35664,0.34784,0.11541,1.2452,1.17254,1.58189,1.25955,0,0.0003764,0.0003764,0.0003764
125,1027.86,0.70985,1.03921,0.57753,0.93848,0,0.63898,0.43321,0.4538,0.32487,0.68948,0.34161,0.33988,0.12089,1.23157,1.16469,1.57683,1.22811,0,0.0003632,0.0003632,0.0003632
126,1035.77,0.69488,1.02321,0.59111,0.92844,0,0.66609,0.43245,0.46115,0.32959,0.64824,0.33566,0.33905,0.12635,1.20234,1.11699,1.59667,1.20774,0,0.00035,0.00035,0.00035
127,1042.99,0.72334,1.03381,0.57994,0.95027,0,0.71221,0.44056,0.46737,0.33134,0.62151,0.38462,0.35446,0.12825,1.22338,1.15072,1.58214,1.23277,0,0.0003368,0.0003368,0.0003368
128,1050.79,0.69532,1.02372,0.54488,0.95372,0,0.82487,0.39161,0.4692,0.33699,0.68055,0.33566,0.33788,0.1254,1.23361,1.11324,1.60951,1.24467,0,0.0003236,0.0003236,0.0003236
129,1059.34,0.71558,1.04094,0.56965,0.93527,0,0.7528,0.40559,0.4715,0.34405,0.68321,0.33566,0.33263,0.12398,1.23773,1.0971,1.5912,1.25875,0,0.0003104,0.0003104,0.0003104
130,1067.56,0.66984,1.00359,0.55035,0.94184,0,0.81552,0.3986,0.48761,0.34494,0.70106,0.34266,0.35,0.12112,1.26059,1.13573,1.57118,1.27565,0,0.0002972,0.0002972,0.0002972
131,1075.82,0.67806,0.97777,0.54636,0.92359,0,0.79296,0.40178,0.49637,0.35857,0.59984,0.38462,0.36943,0.13459,1.22212,1.11615,1.53487,1.24016,0,0.000284,0.000284,0.000284
132,1084.1,0.69414,1.02461,0.55229,0.92719,0,0.78677,0.41958,0.48526,0.3454,0.69466,0.37063,0.36028,0.13373,1.26373,1.13569,1.57115,1.26021,0,0.0002708,0.0002708,0.0002708
133,1090.94,0.66829,1.02399,0.54081,0.93027,0,0.7076,0.44056,0.47211,0.33956,0.63884,0.37063,0.33111,0.12259,1.26221,1.137,1.60135,1.24387,0,0.0002576,0.0002576,0.0002576
134,1099.64,0.69344,1.04318,0.55516,0.93053,0,0.70094,0.41958,0.47747,0.33798,0.64041,0.36364,0.35071,0.12321,1.25911,1.12715,1.57821,1.25488,0,0.0002444,0.0002444,0.0002444
135,1106.66,0.64857,0.99079,0.5316,0.92794,0,0.62854,0.47552,0.47985,0.34689,0.64292,0.37063,0.34089,0.12492,1.20796,1.11962,1.54939,1.23045,0,0.0002312,0.0002312,0.0002312
136,1117.67,0.65614,0.98935,0.52835,0.93827,0,0.70171,0.43357,0.48102,0.34627,0.62343,0.35664,0.34243,0.12236,1.21714,1.13255,1.56192,1.24128,0,0.000218,0.000218,0.000218
137,1124.15,0.68995,1.06653,0.55774,0.93534,0,0.78497,0.40848,0.46934,0.34059,0.67756,0.3527,0.33909,0.12174,1.23431,1.15785,1.57131,1.25691,0,0.0002048,0.0002048,0.0002048
138,1133.03,0.66235,1.00017,0.55503,0.92307,0,0.77178,0.40559,0.46971,0.34218,0.66533,0.34965,0.3435,0.12487,1.21948,1.12549,1.61628,1.24168,0,0.0001916,0.0001916,0.0001916
139,1140.38,0.66343,1.00958,0.5353,0.93745,0,0.74765,0.40559,0.47675,0.35305,0.67715,0.33736,0.35064,0.12516,1.22766,1.10599,1.59416,1.21944,0,0.0001784,0.0001784,0.0001784
140,1148.91,0.66911,0.94739,0.5279,0.926,0,0.78358,0.38462,0.48587,0.35983,0.69351,0.33566,0.35873,0.12981,1.23256,1.11539,1.56606,1.22034,0,0.0001652,0.0001652,0.0001652
141,1159.32,0.6841,0.91037,0.6782,0.95089,0,0.81115,0.39048,0.47421,0.35451,0.68776,0.32867,0.32929,0.1201,1.23656,1.13078,1.55473,1.2193,0,0.000152,0.000152,0.000152
142,1167.7,0.69017,0.91508,0.61379,0.93894,0,0.73969,0.3986,0.46711,0.34977,0.69294,0.33566,0.32406,0.10948,1.23617,1.15336,1.57619,1.21153,0,0.0001388,0.0001388,0.0001388
143,1173.36,0.71235,0.88583,0.56844,0.95769,0,0.7347,0.39161,0.46599,0.34734,0.6773,0.33566,0.3274,0.11102,1.25718,1.14413,1.62516,1.23504,0,0.0001256,0.0001256,0.0001256
144,1181.01,0.68948,0.93365,0.54542,0.9425,0,0.71107,0.40559,0.46039,0.34055,0.62647,0.35187,0.33409,0.11838,1.27003,1.1294,1.64037,1.25383,0,0.0001124,0.0001124,0.0001124
145,1186.61,0.68799,0.9561,0.57979,0.96322,0,0.67712,0.41064,0.47273,0.34954,0.6958,0.31992,0.32483,0.12128,1.21622,1.10852,1.55644,1.23103,0,9.92e-05,9.92e-05,9.92e-05
146,1193.21,0.63966,0.87073,0.51021,0.91361,0,0.68625,0.42657,0.47483,0.35193,0.58567,0.36364,0.34474,0.12386,1.19425,1.10475,1.53398,1.22454,0,8.6e-05,8.6e-05,8.6e-05
147,1200.78,0.67261,0.8747,0.56196,0.95188,0,0.69906,0.42657,0.47643,0.35609,0.5859,0.35664,0.33723,0.1239,1.17175,1.10421,1.49289,1.2163,0,7.28e-05,7.28e-05,7.28e-05
148,1206.56,0.7076,0.99022,0.64406,0.93187,0,0.72014,0.42657,0.47634,0.35642,0.60209,0.35664,0.33916,0.12129,1.15058,1.10744,1.48257,1.20392,0,5.96e-05,5.96e-05,5.96e-05
149,1213.75,0.5981,0.87126,0.51051,0.92193,0,0.72966,0.43357,0.48667,0.35891,0.6139,0.36364,0.34931,0.12498,1.1491,1.1089,1.50485,1.20551,0,4.64e-05,4.64e-05,4.64e-05
150,1219.29,0.65701,0.81747,0.51084,0.95548,0,0.6146,0.48252,0.47996,0.35584,0.60334,0.36364,0.34703,0.12032,1.16428,1.11149,1.52534,1.21934,0,3.32e-05,3.32e-05,3.32e-05
